Model,Units,MSE,Parameters,Avg_Epoch_Time_s
LTC,32,0.0001496177283115685,5380,10.279562836885452
GRU,32,0.00012866384349763393,3393,0.5660760939121247
